Model,Mean Length,Std Length
Base Predictions,56.263333333333335,28.2475837708093
Finetuned Predictions,68.33466666666666,18.29721285393549
References,37.20333333333333,12.680456966879738
