,BLEU-1,BLEU-2,BLEU-3,BLEU-4,ROUGE-1,ROUGE-2,ROUGE-L,METEOR,Exact Match,F1 Score,count
other,0.1620470292457273,0.062767302806668,0.03172415649829989,0.018785823745408155,0.22934784879292472,0.045364390958467816,0.16394385631522976,0.15393860621340805,0.0,0.2074740252156675,1190.0
yes_no,0.16189410596285736,0.078495688870849,0.03888557785382777,0.022111384986247887,0.2891333566229403,0.08322519873156282,0.21730638553540593,0.17641728409183913,0.0,0.259178950667615,241.0
pattern_description,0.21408317798166984,0.11809783843353071,0.06986645259111492,0.04532443903254129,0.3073288097057519,0.09341066202132821,0.22792970415544697,0.19216649136837713,0.0,0.2709038990022492,44.0
diagnosis,0.1751554552266257,0.08657794512326919,0.05099745297255379,0.03293072454493498,0.23532188046875874,0.06886190607848673,0.18369604602546,0.17072644127999964,0.0,0.21625352702115452,9.0
body_site,0.2549454085472874,0.17963369873928636,0.12392309082543242,0.09059184289591468,0.3590514026394425,0.16978870176007232,0.29277598739392763,0.26163379382338736,0.0,0.3262490159196914,7.0
feature_detection,0.1788627782732328,0.06818949268794403,0.029126793868582093,0.013191756830560765,0.257499380313626,0.05666695404554498,0.17955861428755696,0.19014992962265032,0.0,0.22338692439534794,6.0
visual_observation,0.2058823529411765,0.11071046063734866,0.06761637778250539,0.038245088759696656,0.264928511354079,0.07258771929824562,0.18881412952060553,0.19238369985222986,0.0,0.2710622710622711,2.0
general_description,0.30769230769230765,0.1902605976617976,0.11313211375669989,0.07372935016702208,0.36734693877551017,0.14583333333333331,0.3061224489795918,0.18223234624145784,0.0,0.31428571428571433,1.0
