,BLEU-1,BLEU-2,BLEU-3,BLEU-4,ROUGE-1,ROUGE-2,ROUGE-L,METEOR,Exact Match,F1 Score,count
other,0.19726319056512331,0.09246531773082221,0.05083251962807076,0.03178602833249734,0.2924471370393192,0.07716042986894223,0.19526591073724062,0.21976102729186817,0.0,0.2630097133367721,1190.0
yes_no,0.2522617559941543,0.15123182599344412,0.09708011632058061,0.06655386285453538,0.36949406348856056,0.1447269939716038,0.270642347784663,0.3129280582296381,0.0,0.34753180130231653,241.0
pattern_description,0.2432686103199999,0.14664183026922914,0.09429836342018573,0.06413931602165533,0.3702639980244312,0.1409774852938752,0.28190343252654276,0.29905300555383985,0.0,0.34395375029618475,44.0
diagnosis,0.2737629058189016,0.18988086033315682,0.1397886481225803,0.10144288498646999,0.3909443375162742,0.188277692997272,0.29459474287947146,0.34645517549775684,0.0,0.3393031905149111,9.0
body_site,0.21246108992548665,0.147927557676911,0.09168992579510395,0.06662271963212527,0.36746174816913385,0.18443070529360245,0.2580711773582018,0.33864488305744456,0.0,0.3202564896169111,7.0
feature_detection,0.23211622188075742,0.1255253246200261,0.07058238021304335,0.042194983752614344,0.3363010005232192,0.09546697466745395,0.21686532978825643,0.2695972159953428,0.0,0.30547968164433054,6.0
visual_observation,0.28234501347708896,0.16977702892849278,0.10203800444514165,0.037424867213323706,0.38436097330498464,0.15172839506172842,0.24568863690054335,0.3246041280804697,0.0,0.3345959595959596,2.0
general_description,0.31428571428571433,0.20246922931615013,0.14445293946778337,0.10778452217964543,0.43478260869565216,0.17699115044247785,0.3130434782608696,0.34956688427943644,0.0,0.40909090909090906,1.0
