category,bleu4,rougeL,meteor
attribute_description,0.06883481537129556,0.2862695845980019,0.0
clinical_reasoning,0.13217947626377288,0.35555555555555557,0.0
diagnosis,0.08687730096894865,0.2616649680765993,0.0
feature_recognition,0.04724094009360354,0.22126280962562728,0.0
observation,0.04963574032831323,0.20870447905829617,0.0
pattern_description,0.02329026036486737,0.20923112019608126,0.0
