{
  "model": "full_s0",
  "n": 250,
  "bleu4": 0.05299714706906795,
  "rougeL": 0.21684326940848536,
  "meteor": 0.2049912441055283
}