category,bleu4,rougeL,meteor
attribute_description,0.08080195673885184,0.2949974086421513,0.2804982053004806
clinical_reasoning,0.184464457323676,0.391304347826087,0.46855921855921856
diagnosis,0.10120075912394705,0.26002905312498,0.2554507880694697
feature_recognition,0.04634919991616126,0.2251823131898648,0.2397511709229229
observation,0.048979180454462465,0.20796046313876135,0.19406625324365437
pattern_description,0.027198974290488176,0.2085325900511934,0.19501111686560577
