{
  "model": "oracle_s0",
  "n": 250,
  "bleu4": 0.05188023181605507,
  "rougeL": 0.21674705180875894,
  "meteor": 0.0
}