configuration,seeds,auroc_mean,auroc_sd,auprc_mean,auprc_sd,brier_mean,brier_sd
full,1,0.9628787878787879,,0.9179646697185396,,0.06654237104115847,
no_attr,1,0.9587121212121211,,0.9143917809828275,,0.06803337208718932,
oracle,1,0.962121212121212,,0.9193448286069544,,0.06580703833875955,
